owner,team
Matthew,Argentina
Matthew,Morocco
Matthew,Uruguay
Matthew,Australia
Matthew,Panama
Dante,Portugal
Dante,Mexico
Dante,Ecuador
Dante,Austria
Dante,Egypt
Justin,France
Justin,Senegal
Justin,Switzerland
Justin,Sweden
Justin,Haiti
Owen,Germany
Owen,Colombia
Owen,Croatia
Owen,Iran
Owen,Czechia
Nicholas,Brazil
Nicholas,Norway
Nicholas,United States
Nicholas,Paraguay
Nicholas,Canada
Rio,Spain
Rio,Belgium
Rio,Japan
Rio,Turkey
Rio,Scotland
Ricky,England
Ricky,Netherlands
Ricky,South Korea
Ricky,Ivory Coast
Ricky,Bosnia and Herzegovina
